,name,rating,price,Total Reviews
0,Avita Magus Intel CDC N3350 64GB eMMC + 64GB MMC 12.2 Inch FHD+ IPS Touch Display Steel Blue Laptop #NS12T5BD005P,3.0,"24,750","1
                                    reviews"
1,Avita Magus Intel CDC N3350 64GB eMMC + 64GB MMC 12.2 Inch FHD+ IPS Touch Display Steel Blue Laptop #NS12T5BD005P,3.0,"24,750","1
                                    reviews"
2,Avita Magus Intel CDC N3350 64GB eMMC + 64GB MMC 12.2 Inch FHD+ IPS Touch Display Steel Blue Laptop #NS12T5BD005P,3.0,"24,750","1
                                    reviews"
3,Avita Magus Intel CDC N3350 64GB eMMC + 64GB MMC 12.2 Inch FHD+ IPS Touch Display Steel Blue Laptop #NS12T5BD005P,3.0,"24,750","1
                                    reviews"
4,Avita Magus Intel CDC N3350 64GB eMMC + 64GB MMC 12.2 Inch FHD+ IPS Touch Display Steel Blue Laptop #NS12T5BD005P,3.0,"24,750","1
                                    reviews"
5,Avita Magus Intel CDC N3350 64GB eMMC + 64GB MMC 12.2 Inch FHD+ IPS Touch Display Steel Blue Laptop #NS12T5BD005P,3.0,"24,750","1
                                    reviews"
6,Avita Magus Intel CDC N3350 64GB eMMC + 64GB MMC 12.2 Inch FHD+ IPS Touch Display Steel Blue Laptop #NS12T5BD005P,3.0,"24,750","1
                                    reviews"
7,Avita Magus Intel CDC N3350 64GB eMMC + 64GB MMC 12.2 Inch FHD+ IPS Touch Display Steel Blue Laptop #NS12T5BD005P,3.0,"24,750","1
                                    reviews"
8,Avita Magus Intel CDC N3350 64GB eMMC + 64GB MMC 12.2 Inch FHD+ IPS Touch Display Steel Blue Laptop #NS12T5BD005P,3.0,"24,750","1
                                    reviews"
9,Avita Magus Intel CDC N3350 64GB eMMC + 64GB MMC 12.2 Inch FHD+ IPS Touch Display Steel Blue Laptop #NS12T5BD005P,3.0,"24,750","1
                                    reviews"
10,Avita Magus Intel CDC N3350 64GB eMMC + 64GB MMC 12.2 Inch FHD+ IPS Touch Display Steel Blue Laptop #NS12T5BD005P,3.0,"24,750","1
                                    reviews"
11,Avita Magus Intel CDC N3350 64GB eMMC + 64GB MMC 12.2 Inch FHD+ IPS Touch Display Steel Blue Laptop #NS12T5BD005P,3.0,"24,750","1
                                    reviews"
12,Avita Magus Intel CDC N3350 64GB eMMC + 64GB MMC 12.2 Inch FHD+ IPS Touch Display Steel Blue Laptop #NS12T5BD005P,3.0,"24,750","1
                                    reviews"
13,Avita Magus Intel CDC N3350 64GB eMMC + 64GB MMC 12.2 Inch FHD+ IPS Touch Display Steel Blue Laptop #NS12T5BD005P,3.0,"24,750","1
                                    reviews"
14,Avita Magus Intel CDC N3350 64GB eMMC + 64GB MMC 12.2 Inch FHD+ IPS Touch Display Steel Blue Laptop #NS12T5BD005P,3.0,"24,750","1
                                    reviews"
15,Avita Magus Intel CDC N3350 64GB eMMC + 64GB MMC 12.2 Inch FHD+ IPS Touch Display Steel Blue Laptop #NS12T5BD005P,3.0,"24,750","1
                                    reviews"
16,Avita Magus Intel CDC N3350 64GB eMMC + 64GB MMC 12.2 Inch FHD+ IPS Touch Display Steel Blue Laptop #NS12T5BD005P,3.0,"24,750","1
                                    reviews"
17,Avita Magus Intel CDC N3350 64GB eMMC + 64GB MMC 12.2 Inch FHD+ IPS Touch Display Steel Blue Laptop #NS12T5BD005P,3.0,"24,750","1
                                    reviews"
18,Avita Magus Intel CDC N3350 64GB eMMC + 64GB MMC 12.2 Inch FHD+ IPS Touch Display Steel Blue Laptop #NS12T5BD005P,3.0,"24,750","1
                                    reviews"
19,Avita Magus Intel CDC N3350 64GB eMMC + 64GB MMC 12.2 Inch FHD+ IPS Touch Display Steel Blue Laptop #NS12T5BD005P,3.0,"24,750","1
                                    reviews"
20,Avita Magus Intel CDC N3350 64GB eMMC + 64GB MMC 12.2 Inch FHD+ IPS Touch Display Steel Blue Laptop #NS12T5BD005P,3.0,"24,750","1
                                    reviews"
21,Avita Magus Intel CDC N3350 64GB eMMC + 64GB MMC 12.2 Inch FHD+ IPS Touch Display Steel Blue Laptop #NS12T5BD005P,3.0,"24,750","1
                                    reviews"
22,Avita Magus Intel CDC N3350 64GB eMMC + 64GB MMC 12.2 Inch FHD+ IPS Touch Display Steel Blue Laptop #NS12T5BD005P,3.0,"24,750","1
                                    reviews"
23,Avita Magus Intel CDC N3350 64GB eMMC + 64GB MMC 12.2 Inch FHD+ IPS Touch Display Steel Blue Laptop #NS12T5BD005P,3.0,"24,750","1
                                    reviews"
24,Avita Magus Intel CDC N3350 64GB eMMC + 64GB MMC 12.2 Inch FHD+ IPS Touch Display Steel Blue Laptop #NS12T5BD005P,3.0,"24,750","1
                                    reviews"
25,Avita Magus Intel CDC N3350 64GB eMMC + 64GB MMC 12.2 Inch FHD+ IPS Touch Display Steel Blue Laptop #NS12T5BD005P,3.0,"24,750","1
                                    reviews"
26,Avita Magus Intel CDC N3350 64GB eMMC + 64GB MMC 12.2 Inch FHD+ IPS Touch Display Steel Blue Laptop #NS12T5BD005P,3.0,"24,750","1
                                    reviews"
27,Avita Magus Intel CDC N3350 64GB eMMC + 64GB MMC 12.2 Inch FHD+ IPS Touch Display Steel Blue Laptop #NS12T5BD005P,3.0,"24,750","1
                                    reviews"
28,Avita Magus Intel CDC N3350 64GB eMMC + 64GB MMC 12.2 Inch FHD+ IPS Touch Display Steel Blue Laptop #NS12T5BD005P,3.0,"24,750","1
                                    reviews"
29,Avita Magus Intel CDC N3350 64GB eMMC + 64GB MMC 12.2 Inch FHD+ IPS Touch Display Steel Blue Laptop #NS12T5BD005P,3.0,"24,750","1
                                    reviews"
30,Avita Magus Intel CDC N3350 64GB eMMC + 64GB MMC 12.2 Inch FHD+ IPS Touch Display Steel Blue Laptop #NS12T5BD005P,3.0,"24,750","1
                                    reviews"
31,Avita Magus Intel CDC N3350 64GB eMMC + 64GB MMC 12.2 Inch FHD+ IPS Touch Display Steel Blue Laptop #NS12T5BD005P,3.0,"24,750","1
                                    reviews"
32,Avita Magus Intel CDC N3350 64GB eMMC + 64GB MMC 12.2 Inch FHD+ IPS Touch Display Steel Blue Laptop #NS12T5BD005P,3.0,"24,750","1
                                    reviews"
33,Avita Magus Intel CDC N3350 64GB eMMC + 64GB MMC 12.2 Inch FHD+ IPS Touch Display Steel Blue Laptop #NS12T5BD005P,3.0,"24,750","1
                                    reviews"
34,Avita Magus Intel CDC N3350 64GB eMMC + 64GB MMC 12.2 Inch FHD+ IPS Touch Display Steel Blue Laptop #NS12T5BD005P,3.0,"24,750","1
                                    reviews"
35,Avita Magus Intel CDC N3350 64GB eMMC + 64GB MMC 12.2 Inch FHD+ IPS Touch Display Steel Blue Laptop #NS12T5BD005P,3.0,"24,750","1
                                    reviews"
36,Avita Magus Intel CDC N3350 64GB eMMC + 64GB MMC 12.2 Inch FHD+ IPS Touch Display Steel Blue Laptop #NS12T5BD005P,3.0,"24,750","1
                                    reviews"
37,Avita Magus Intel CDC N3350 64GB eMMC + 64GB MMC 12.2 Inch FHD+ IPS Touch Display Steel Blue Laptop #NS12T5BD005P,3.0,"24,750","1
                                    reviews"
38,Avita Magus Intel CDC N3350 64GB eMMC + 64GB MMC 12.2 Inch FHD+ IPS Touch Display Steel Blue Laptop #NS12T5BD005P,3.0,"24,750","1
                                    reviews"
39,Avita Magus Intel CDC N3350 64GB eMMC + 64GB MMC 12.2 Inch FHD+ IPS Touch Display Steel Blue Laptop #NS12T5BD005P,3.0,"24,750","1
                                    reviews"
40,Avita Magus Intel CDC N3350 64GB eMMC + 64GB MMC 12.2 Inch FHD+ IPS Touch Display Steel Blue Laptop #NS12T5BD005P,3.0,"24,750","1
                                    reviews"
41,Avita Magus Intel CDC N3350 64GB eMMC + 64GB MMC 12.2 Inch FHD+ IPS Touch Display Steel Blue Laptop #NS12T5BD005P,3.0,"24,750","1
                                    reviews"
42,Avita Magus Intel CDC N3350 64GB eMMC + 64GB MMC 12.2 Inch FHD+ IPS Touch Display Steel Blue Laptop #NS12T5BD005P,3.0,"24,750","1
                                    reviews"
43,Avita Magus Intel CDC N3350 64GB eMMC + 64GB MMC 12.2 Inch FHD+ IPS Touch Display Steel Blue Laptop #NS12T5BD005P,3.0,"24,750","1
                                    reviews"
44,Avita Magus Intel CDC N3350 64GB eMMC + 64GB MMC 12.2 Inch FHD+ IPS Touch Display Steel Blue Laptop #NS12T5BD005P,3.0,"24,750","1
                                    reviews"
45,Avita Magus Intel CDC N3350 64GB eMMC + 64GB MMC 12.2 Inch FHD+ IPS Touch Display Steel Blue Laptop #NS12T5BD005P,3.0,"24,750","1
                                    reviews"
46,Avita Magus Intel CDC N3350 64GB eMMC + 64GB MMC 12.2 Inch FHD+ IPS Touch Display Steel Blue Laptop #NS12T5BD005P,3.0,"24,750","1
                                    reviews"
47,Avita Magus Intel CDC N3350 64GB eMMC + 64GB MMC 12.2 Inch FHD+ IPS Touch Display Steel Blue Laptop #NS12T5BD005P,3.0,"24,750","1
                                    reviews"
48,Avita Magus Intel CDC N3350 64GB eMMC + 64GB MMC 12.2 Inch FHD+ IPS Touch Display Steel Blue Laptop #NS12T5BD005P,3.0,"24,750","1
                                    reviews"
49,Avita Magus Intel CDC N3350 64GB eMMC + 64GB MMC 12.2 Inch FHD+ IPS Touch Display Steel Blue Laptop #NS12T5BD005P,3.0,"24,750","1
                                    reviews"
50,Avita Magus Intel CDC N3350 64GB eMMC + 64GB MMC 12.2 Inch FHD+ IPS Touch Display Steel Blue Laptop #NS12T5BD005P,3.0,"24,750","1
                                    reviews"
51,Avita Magus Intel CDC N3350 64GB eMMC + 64GB MMC 12.2 Inch FHD+ IPS Touch Display Steel Blue Laptop #NS12T5BD005P,3.0,"24,750","1
                                    reviews"
52,Avita Magus Intel CDC N3350 64GB eMMC + 64GB MMC 12.2 Inch FHD+ IPS Touch Display Steel Blue Laptop #NS12T5BD005P,3.0,"24,750","1
                                    reviews"
53,Avita Magus Intel CDC N3350 64GB eMMC + 64GB MMC 12.2 Inch FHD+ IPS Touch Display Steel Blue Laptop #NS12T5BD005P,3.0,"24,750","1
                                    reviews"
54,Avita Magus Intel CDC N3350 64GB eMMC + 64GB MMC 12.2 Inch FHD+ IPS Touch Display Steel Blue Laptop #NS12T5BD005P,3.0,"24,750","1
                                    reviews"
55,Avita Magus Intel CDC N3350 64GB eMMC + 64GB MMC 12.2 Inch FHD+ IPS Touch Display Steel Blue Laptop #NS12T5BD005P,3.0,"24,750","1
                                    reviews"
56,Avita Magus Intel CDC N3350 64GB eMMC + 64GB MMC 12.2 Inch FHD+ IPS Touch Display Steel Blue Laptop #NS12T5BD005P,3.0,"24,750","1
                                    reviews"
57,Avita Magus Intel CDC N3350 64GB eMMC + 64GB MMC 12.2 Inch FHD+ IPS Touch Display Steel Blue Laptop #NS12T5BD005P,3.0,"24,750","1
                                    reviews"
58,Avita Magus Intel CDC N3350 64GB eMMC + 64GB MMC 12.2 Inch FHD+ IPS Touch Display Steel Blue Laptop #NS12T5BD005P,3.0,"24,750","1
                                    reviews"
59,Avita Magus Intel CDC N3350 64GB eMMC + 64GB MMC 12.2 Inch FHD+ IPS Touch Display Steel Blue Laptop #NS12T5BD005P,3.0,"24,750","1
                                    reviews"
60,Avita Magus Intel CDC N3350 64GB eMMC + 64GB MMC 12.2 Inch FHD+ IPS Touch Display Steel Blue Laptop #NS12T5BD005P,3.0,"24,750","1
                                    reviews"
61,Avita Magus Intel CDC N3350 64GB eMMC + 64GB MMC 12.2 Inch FHD+ IPS Touch Display Steel Blue Laptop #NS12T5BD005P,3.0,"24,750","1
                                    reviews"
62,Avita Magus Intel CDC N3350 64GB eMMC + 64GB MMC 12.2 Inch FHD+ IPS Touch Display Steel Blue Laptop #NS12T5BD005P,3.0,"24,750","1
                                    reviews"
63,Avita Magus Intel CDC N3350 64GB eMMC + 64GB MMC 12.2 Inch FHD+ IPS Touch Display Steel Blue Laptop #NS12T5BD005P,3.0,"24,750","1
                                    reviews"
64,Avita Magus Intel CDC N3350 64GB eMMC + 64GB MMC 12.2 Inch FHD+ IPS Touch Display Steel Blue Laptop #NS12T5BD005P,3.0,"24,750","1
                                    reviews"
65,Avita Magus Intel CDC N3350 64GB eMMC + 64GB MMC 12.2 Inch FHD+ IPS Touch Display Steel Blue Laptop #NS12T5BD005P,3.0,"24,750","1
                                    reviews"
66,Avita Magus Intel CDC N3350 64GB eMMC + 64GB MMC 12.2 Inch FHD+ IPS Touch Display Steel Blue Laptop #NS12T5BD005P,3.0,"24,750","1
                                    reviews"
67,Avita Magus Intel CDC N3350 64GB eMMC + 64GB MMC 12.2 Inch FHD+ IPS Touch Display Steel Blue Laptop #NS12T5BD005P,3.0,"24,750","1
                                    reviews"
68,Avita Magus Intel CDC N3350 64GB eMMC + 64GB MMC 12.2 Inch FHD+ IPS Touch Display Steel Blue Laptop #NS12T5BD005P,3.0,"24,750","1
                                    reviews"
69,Avita Magus Intel CDC N3350 64GB eMMC + 64GB MMC 12.2 Inch FHD+ IPS Touch Display Steel Blue Laptop #NS12T5BD005P,3.0,"24,750","1
                                    reviews"
70,Avita Magus Intel CDC N3350 64GB eMMC + 64GB MMC 12.2 Inch FHD+ IPS Touch Display Steel Blue Laptop #NS12T5BD005P,3.0,"24,750","1
                                    reviews"
71,Avita Magus Intel CDC N3350 64GB eMMC + 64GB MMC 12.2 Inch FHD+ IPS Touch Display Steel Blue Laptop #NS12T5BD005P,3.0,"24,750","1
                                    reviews"
72,Avita Magus Intel CDC N3350 64GB eMMC + 64GB MMC 12.2 Inch FHD+ IPS Touch Display Steel Blue Laptop #NS12T5BD005P,3.0,"24,750","1
                                    reviews"
73,Avita Magus Intel CDC N3350 64GB eMMC + 64GB MMC 12.2 Inch FHD+ IPS Touch Display Steel Blue Laptop #NS12T5BD005P,3.0,"24,750","1
                                    reviews"
74,Avita Magus Intel CDC N3350 64GB eMMC + 64GB MMC 12.2 Inch FHD+ IPS Touch Display Steel Blue Laptop #NS12T5BD005P,3.0,"24,750","1
                                    reviews"
75,Avita Magus Intel CDC N3350 64GB eMMC + 64GB MMC 12.2 Inch FHD+ IPS Touch Display Steel Blue Laptop #NS12T5BD005P,3.0,"24,750","1
                                    reviews"
76,Avita Magus Intel CDC N3350 64GB eMMC + 64GB MMC 12.2 Inch FHD+ IPS Touch Display Steel Blue Laptop #NS12T5BD005P,3.0,"24,750","1
                                    reviews"
77,Avita Magus Intel CDC N3350 64GB eMMC + 64GB MMC 12.2 Inch FHD+ IPS Touch Display Steel Blue Laptop #NS12T5BD005P,3.0,"24,750","1
                                    reviews"
78,Avita Magus Intel CDC N3350 64GB eMMC + 64GB MMC 12.2 Inch FHD+ IPS Touch Display Steel Blue Laptop #NS12T5BD005P,3.0,"24,750","1
                                    reviews"
79,Avita Magus Intel CDC N3350 64GB eMMC + 64GB MMC 12.2 Inch FHD+ IPS Touch Display Steel Blue Laptop #NS12T5BD005P,3.0,"24,750","1
                                    reviews"
80,Avita Magus Intel CDC N3350 64GB eMMC + 64GB MMC 12.2 Inch FHD+ IPS Touch Display Steel Blue Laptop #NS12T5BD005P,3.0,"24,750","1
                                    reviews"
81,Avita Magus Intel CDC N3350 64GB eMMC + 64GB MMC 12.2 Inch FHD+ IPS Touch Display Steel Blue Laptop #NS12T5BD005P,3.0,"24,750","1
                                    reviews"
82,Avita Magus Intel CDC N3350 64GB eMMC + 64GB MMC 12.2 Inch FHD+ IPS Touch Display Steel Blue Laptop #NS12T5BD005P,3.0,"24,750","1
                                    reviews"
83,Avita Magus Intel CDC N3350 64GB eMMC + 64GB MMC 12.2 Inch FHD+ IPS Touch Display Steel Blue Laptop #NS12T5BD005P,3.0,"24,750","1
                                    reviews"
84,Avita Magus Intel CDC N3350 64GB eMMC + 64GB MMC 12.2 Inch FHD+ IPS Touch Display Steel Blue Laptop #NS12T5BD005P,3.0,"24,750","1
                                    reviews"
85,Avita Magus Intel CDC N3350 64GB eMMC + 64GB MMC 12.2 Inch FHD+ IPS Touch Display Steel Blue Laptop #NS12T5BD005P,3.0,"24,750","1
                                    reviews"
86,Avita Magus Intel CDC N3350 64GB eMMC + 64GB MMC 12.2 Inch FHD+ IPS Touch Display Steel Blue Laptop #NS12T5BD005P,3.0,"24,750","1
                                    reviews"
87,Avita Magus Intel CDC N3350 64GB eMMC + 64GB MMC 12.2 Inch FHD+ IPS Touch Display Steel Blue Laptop #NS12T5BD005P,3.0,"24,750","1
                                    reviews"
88,Avita Magus Intel CDC N3350 64GB eMMC + 64GB MMC 12.2 Inch FHD+ IPS Touch Display Steel Blue Laptop #NS12T5BD005P,3.0,"24,750","1
                                    reviews"
89,Avita Magus Intel CDC N3350 64GB eMMC + 64GB MMC 12.2 Inch FHD+ IPS Touch Display Steel Blue Laptop #NS12T5BD005P,3.0,"24,750","1
                                    reviews"
90,Avita Magus Intel CDC N3350 64GB eMMC + 64GB MMC 12.2 Inch FHD+ IPS Touch Display Steel Blue Laptop #NS12T5BD005P,3.0,"24,750","1
                                    reviews"
91,Avita Magus Intel CDC N3350 64GB eMMC + 64GB MMC 12.2 Inch FHD+ IPS Touch Display Steel Blue Laptop #NS12T5BD005P,3.0,"24,750","1
                                    reviews"
92,Avita Magus Intel CDC N3350 64GB eMMC + 64GB MMC 12.2 Inch FHD+ IPS Touch Display Steel Blue Laptop #NS12T5BD005P,3.0,"24,750","1
                                    reviews"
93,Avita Magus Intel CDC N3350 64GB eMMC + 64GB MMC 12.2 Inch FHD+ IPS Touch Display Steel Blue Laptop #NS12T5BD005P,3.0,"24,750","1
                                    reviews"
94,Avita Magus Intel CDC N3350 64GB eMMC + 64GB MMC 12.2 Inch FHD+ IPS Touch Display Steel Blue Laptop #NS12T5BD005P,3.0,"24,750","1
                                    reviews"
95,Avita Magus Intel CDC N3350 64GB eMMC + 64GB MMC 12.2 Inch FHD+ IPS Touch Display Steel Blue Laptop #NS12T5BD005P,3.0,"24,750","1
                                    reviews"
96,Avita Magus Intel CDC N3350 64GB eMMC + 64GB MMC 12.2 Inch FHD+ IPS Touch Display Steel Blue Laptop #NS12T5BD005P,3.0,"24,750","1
                                    reviews"
97,Avita Magus Intel CDC N3350 64GB eMMC + 64GB MMC 12.2 Inch FHD+ IPS Touch Display Steel Blue Laptop #NS12T5BD005P,3.0,"24,750","1
                                    reviews"
98,Avita Magus Intel CDC N3350 64GB eMMC + 64GB MMC 12.2 Inch FHD+ IPS Touch Display Steel Blue Laptop #NS12T5BD005P,3.0,"24,750","1
                                    reviews"
99,Avita Magus Intel CDC N3350 64GB eMMC + 64GB MMC 12.2 Inch FHD+ IPS Touch Display Steel Blue Laptop #NS12T5BD005P,3.0,"24,750","1
                                    reviews"
100,Avita Magus Intel CDC N3350 64GB eMMC + 64GB MMC 12.2 Inch FHD+ IPS Touch Display Steel Blue Laptop #NS12T5BD005P,3.0,"24,750","1
                                    reviews"
101,Avita Magus Intel CDC N3350 64GB eMMC + 64GB MMC 12.2 Inch FHD+ IPS Touch Display Steel Blue Laptop #NS12T5BD005P,3.0,"24,750","1
                                    reviews"
102,Avita Magus Intel CDC N3350 64GB eMMC + 64GB MMC 12.2 Inch FHD+ IPS Touch Display Steel Blue Laptop #NS12T5BD005P,3.0,"24,750","1
                                    reviews"
103,Avita Magus Intel CDC N3350 64GB eMMC + 64GB MMC 12.2 Inch FHD+ IPS Touch Display Steel Blue Laptop #NS12T5BD005P,3.0,"24,750","1
                                    reviews"
104,Avita Magus Intel CDC N3350 64GB eMMC + 64GB MMC 12.2 Inch FHD+ IPS Touch Display Steel Blue Laptop #NS12T5BD005P,3.0,"24,750","1
                                    reviews"
105,Avita Magus Intel CDC N3350 64GB eMMC + 64GB MMC 12.2 Inch FHD+ IPS Touch Display Steel Blue Laptop #NS12T5BD005P,3.0,"24,750","1
                                    reviews"
106,Avita Magus Intel CDC N3350 64GB eMMC + 64GB MMC 12.2 Inch FHD+ IPS Touch Display Steel Blue Laptop #NS12T5BD005P,3.0,"24,750","1
                                    reviews"
107,Avita Magus Intel CDC N3350 64GB eMMC + 64GB MMC 12.2 Inch FHD+ IPS Touch Display Steel Blue Laptop #NS12T5BD005P,3.0,"24,750","1
                                    reviews"
108,Avita Magus Intel CDC N3350 64GB eMMC + 64GB MMC 12.2 Inch FHD+ IPS Touch Display Steel Blue Laptop #NS12T5BD005P,3.0,"24,750","1
                                    reviews"
109,Avita Magus Intel CDC N3350 64GB eMMC + 64GB MMC 12.2 Inch FHD+ IPS Touch Display Steel Blue Laptop #NS12T5BD005P,3.0,"24,750","1
                                    reviews"
110,Avita Magus Intel CDC N3350 64GB eMMC + 64GB MMC 12.2 Inch FHD+ IPS Touch Display Steel Blue Laptop #NS12T5BD005P,3.0,"24,750","1
                                    reviews"
111,Avita Magus Intel CDC N3350 64GB eMMC + 64GB MMC 12.2 Inch FHD+ IPS Touch Display Steel Blue Laptop #NS12T5BD005P,3.0,"24,750","1
                                    reviews"
112,Avita Magus Intel CDC N3350 64GB eMMC + 64GB MMC 12.2 Inch FHD+ IPS Touch Display Steel Blue Laptop #NS12T5BD005P,3.0,"24,750","1
                                    reviews"
113,Avita Magus Intel CDC N3350 64GB eMMC + 64GB MMC 12.2 Inch FHD+ IPS Touch Display Steel Blue Laptop #NS12T5BD005P,3.0,"24,750","1
                                    reviews"
114,Avita Magus Intel CDC N3350 64GB eMMC + 64GB MMC 12.2 Inch FHD+ IPS Touch Display Steel Blue Laptop #NS12T5BD005P,3.0,"24,750","1
                                    reviews"
115,Avita Magus Intel CDC N3350 64GB eMMC + 64GB MMC 12.2 Inch FHD+ IPS Touch Display Steel Blue Laptop #NS12T5BD005P,3.0,"24,750","1
                                    reviews"
116,Avita Magus Intel CDC N3350 64GB eMMC + 64GB MMC 12.2 Inch FHD+ IPS Touch Display Steel Blue Laptop #NS12T5BD005P,3.0,"24,750","1
                                    reviews"
117,Avita Magus Intel CDC N3350 64GB eMMC + 64GB MMC 12.2 Inch FHD+ IPS Touch Display Steel Blue Laptop #NS12T5BD005P,3.0,"24,750","1
                                    reviews"
118,Avita Magus Intel CDC N3350 64GB eMMC + 64GB MMC 12.2 Inch FHD+ IPS Touch Display Steel Blue Laptop #NS12T5BD005P,3.0,"24,750","1
                                    reviews"
119,Avita Magus Intel CDC N3350 64GB eMMC + 64GB MMC 12.2 Inch FHD+ IPS Touch Display Steel Blue Laptop #NS12T5BD005P,3.0,"24,750","1
                                    reviews"
120,Avita Magus Intel CDC N3350 64GB eMMC + 64GB MMC 12.2 Inch FHD+ IPS Touch Display Steel Blue Laptop #NS12T5BD005P,3.0,"24,750","1
                                    reviews"
121,Avita Magus Intel CDC N3350 64GB eMMC + 64GB MMC 12.2 Inch FHD+ IPS Touch Display Steel Blue Laptop #NS12T5BD005P,3.0,"24,750","1
                                    reviews"
122,Avita Magus Intel CDC N3350 64GB eMMC + 64GB MMC 12.2 Inch FHD+ IPS Touch Display Steel Blue Laptop #NS12T5BD005P,3.0,"24,750","1
                                    reviews"
123,Avita Magus Intel CDC N3350 64GB eMMC + 64GB MMC 12.2 Inch FHD+ IPS Touch Display Steel Blue Laptop #NS12T5BD005P,3.0,"24,750","1
                                    reviews"
124,Avita Magus Intel CDC N3350 64GB eMMC + 64GB MMC 12.2 Inch FHD+ IPS Touch Display Steel Blue Laptop #NS12T5BD005P,3.0,"24,750","1
                                    reviews"
125,Avita Magus Intel CDC N3350 64GB eMMC + 64GB MMC 12.2 Inch FHD+ IPS Touch Display Steel Blue Laptop #NS12T5BD005P,3.0,"24,750","1
                                    reviews"
126,Avita Magus Intel CDC N3350 64GB eMMC + 64GB MMC 12.2 Inch FHD+ IPS Touch Display Steel Blue Laptop #NS12T5BD005P,3.0,"24,750","1
                                    reviews"
127,Avita Magus Intel CDC N3350 64GB eMMC + 64GB MMC 12.2 Inch FHD+ IPS Touch Display Steel Blue Laptop #NS12T5BD005P,3.0,"24,750","1
                                    reviews"
128,Avita Magus Intel CDC N3350 64GB eMMC + 64GB MMC 12.2 Inch FHD+ IPS Touch Display Steel Blue Laptop #NS12T5BD005P,3.0,"24,750","1
                                    reviews"
129,Avita Magus Intel CDC N3350 64GB eMMC + 64GB MMC 12.2 Inch FHD+ IPS Touch Display Steel Blue Laptop #NS12T5BD005P,3.0,"24,750","1
                                    reviews"
130,Avita Magus Intel CDC N3350 64GB eMMC + 64GB MMC 12.2 Inch FHD+ IPS Touch Display Steel Blue Laptop #NS12T5BD005P,3.0,"24,750","1
                                    reviews"
131,Avita Magus Intel CDC N3350 64GB eMMC + 64GB MMC 12.2 Inch FHD+ IPS Touch Display Steel Blue Laptop #NS12T5BD005P,3.0,"24,750","1
                                    reviews"
132,Avita Magus Intel CDC N3350 64GB eMMC + 64GB MMC 12.2 Inch FHD+ IPS Touch Display Steel Blue Laptop #NS12T5BD005P,3.0,"24,750","1
                                    reviews"
133,Avita Magus Intel CDC N3350 64GB eMMC + 64GB MMC 12.2 Inch FHD+ IPS Touch Display Steel Blue Laptop #NS12T5BD005P,3.0,"24,750","1
                                    reviews"
134,Avita Magus Intel CDC N3350 64GB eMMC + 64GB MMC 12.2 Inch FHD+ IPS Touch Display Steel Blue Laptop #NS12T5BD005P,3.0,"24,750","1
                                    reviews"
135,Avita Magus Intel CDC N3350 64GB eMMC + 64GB MMC 12.2 Inch FHD+ IPS Touch Display Steel Blue Laptop #NS12T5BD005P,3.0,"24,750","1
                                    reviews"
136,Avita Magus Intel CDC N3350 64GB eMMC + 64GB MMC 12.2 Inch FHD+ IPS Touch Display Steel Blue Laptop #NS12T5BD005P,3.0,"24,750","1
                                    reviews"
137,Avita Magus Intel CDC N3350 64GB eMMC + 64GB MMC 12.2 Inch FHD+ IPS Touch Display Steel Blue Laptop #NS12T5BD005P,3.0,"24,750","1
                                    reviews"
138,Avita Magus Intel CDC N3350 64GB eMMC + 64GB MMC 12.2 Inch FHD+ IPS Touch Display Steel Blue Laptop #NS12T5BD005P,3.0,"24,750","1
                                    reviews"
139,Avita Magus Intel CDC N3350 64GB eMMC + 64GB MMC 12.2 Inch FHD+ IPS Touch Display Steel Blue Laptop #NS12T5BD005P,3.0,"24,750","1
                                    reviews"
140,Avita Magus Intel CDC N3350 64GB eMMC + 64GB MMC 12.2 Inch FHD+ IPS Touch Display Steel Blue Laptop #NS12T5BD005P,3.0,"24,750","1
                                    reviews"
141,Avita Magus Intel CDC N3350 64GB eMMC + 64GB MMC 12.2 Inch FHD+ IPS Touch Display Steel Blue Laptop #NS12T5BD005P,3.0,"24,750","1
                                    reviews"
142,Avita Magus Intel CDC N3350 64GB eMMC + 64GB MMC 12.2 Inch FHD+ IPS Touch Display Steel Blue Laptop #NS12T5BD005P,3.0,"24,750","1
                                    reviews"
143,Avita Magus Intel CDC N3350 64GB eMMC + 64GB MMC 12.2 Inch FHD+ IPS Touch Display Steel Blue Laptop #NS12T5BD005P,3.0,"24,750","1
                                    reviews"
144,Avita Magus Intel CDC N3350 64GB eMMC + 64GB MMC 12.2 Inch FHD+ IPS Touch Display Steel Blue Laptop #NS12T5BD005P,3.0,"24,750","1
                                    reviews"
145,Avita Magus Intel CDC N3350 64GB eMMC + 64GB MMC 12.2 Inch FHD+ IPS Touch Display Steel Blue Laptop #NS12T5BD005P,3.0,"24,750","1
                                    reviews"
146,Avita Magus Intel CDC N3350 64GB eMMC + 64GB MMC 12.2 Inch FHD+ IPS Touch Display Steel Blue Laptop #NS12T5BD005P,3.0,"24,750","1
                                    reviews"
147,Avita Magus Intel CDC N3350 64GB eMMC + 64GB MMC 12.2 Inch FHD+ IPS Touch Display Steel Blue Laptop #NS12T5BD005P,3.0,"24,750","1
                                    reviews"
148,Avita Magus Intel CDC N3350 64GB eMMC + 64GB MMC 12.2 Inch FHD+ IPS Touch Display Steel Blue Laptop #NS12T5BD005P,3.0,"24,750","1
                                    reviews"
149,Avita Magus Intel CDC N3350 64GB eMMC + 64GB MMC 12.2 Inch FHD+ IPS Touch Display Steel Blue Laptop #NS12T5BD005P,3.0,"24,750","1
                                    reviews"
150,Avita Magus Intel CDC N3350 64GB eMMC + 64GB MMC 12.2 Inch FHD+ IPS Touch Display Steel Blue Laptop #NS12T5BD005P,3.0,"24,750","1
                                    reviews"
151,Avita Magus Intel CDC N3350 64GB eMMC + 64GB MMC 12.2 Inch FHD+ IPS Touch Display Steel Blue Laptop #NS12T5BD005P,3.0,"24,750","1
                                    reviews"
152,Avita Magus Intel CDC N3350 64GB eMMC + 64GB MMC 12.2 Inch FHD+ IPS Touch Display Steel Blue Laptop #NS12T5BD005P,3.0,"24,750","1
                                    reviews"
153,Avita Magus Intel CDC N3350 64GB eMMC + 64GB MMC 12.2 Inch FHD+ IPS Touch Display Steel Blue Laptop #NS12T5BD005P,3.0,"24,750","1
                                    reviews"
154,Avita Magus Intel CDC N3350 64GB eMMC + 64GB MMC 12.2 Inch FHD+ IPS Touch Display Steel Blue Laptop #NS12T5BD005P,3.0,"24,750","1
                                    reviews"
155,Avita Magus Intel CDC N3350 64GB eMMC + 64GB MMC 12.2 Inch FHD+ IPS Touch Display Steel Blue Laptop #NS12T5BD005P,3.0,"24,750","1
                                    reviews"
156,Avita Magus Intel CDC N3350 64GB eMMC + 64GB MMC 12.2 Inch FHD+ IPS Touch Display Steel Blue Laptop #NS12T5BD005P,3.0,"24,750","1
                                    reviews"
157,Avita Magus Intel CDC N3350 64GB eMMC + 64GB MMC 12.2 Inch FHD+ IPS Touch Display Steel Blue Laptop #NS12T5BD005P,3.0,"24,750","1
                                    reviews"
158,Avita Magus Intel CDC N3350 64GB eMMC + 64GB MMC 12.2 Inch FHD+ IPS Touch Display Steel Blue Laptop #NS12T5BD005P,3.0,"24,750","1
                                    reviews"
159,Avita Magus Intel CDC N3350 64GB eMMC + 64GB MMC 12.2 Inch FHD+ IPS Touch Display Steel Blue Laptop #NS12T5BD005P,3.0,"24,750","1
                                    reviews"
160,Avita Magus Intel CDC N3350 64GB eMMC + 64GB MMC 12.2 Inch FHD+ IPS Touch Display Steel Blue Laptop #NS12T5BD005P,3.0,"24,750","1
                                    reviews"
161,Avita Magus Intel CDC N3350 64GB eMMC + 64GB MMC 12.2 Inch FHD+ IPS Touch Display Steel Blue Laptop #NS12T5BD005P,3.0,"24,750","1
                                    reviews"
162,Avita Magus Intel CDC N3350 64GB eMMC + 64GB MMC 12.2 Inch FHD+ IPS Touch Display Steel Blue Laptop #NS12T5BD005P,3.0,"24,750","1
                                    reviews"
163,Avita Magus Intel CDC N3350 64GB eMMC + 64GB MMC 12.2 Inch FHD+ IPS Touch Display Steel Blue Laptop #NS12T5BD005P,3.0,"24,750","1
                                    reviews"
164,Avita Magus Intel CDC N3350 64GB eMMC + 64GB MMC 12.2 Inch FHD+ IPS Touch Display Steel Blue Laptop #NS12T5BD005P,3.0,"24,750","1
                                    reviews"
165,Avita Magus Intel CDC N3350 64GB eMMC + 64GB MMC 12.2 Inch FHD+ IPS Touch Display Steel Blue Laptop #NS12T5BD005P,3.0,"24,750","1
                                    reviews"
166,Avita Magus Intel CDC N3350 64GB eMMC + 64GB MMC 12.2 Inch FHD+ IPS Touch Display Steel Blue Laptop #NS12T5BD005P,3.0,"24,750","1
                                    reviews"
167,Avita Magus Intel CDC N3350 64GB eMMC + 64GB MMC 12.2 Inch FHD+ IPS Touch Display Steel Blue Laptop #NS12T5BD005P,3.0,"24,750","1
                                    reviews"
168,Avita Magus Intel CDC N3350 64GB eMMC + 64GB MMC 12.2 Inch FHD+ IPS Touch Display Steel Blue Laptop #NS12T5BD005P,3.0,"24,750","1
                                    reviews"
169,Avita Magus Intel CDC N3350 64GB eMMC + 64GB MMC 12.2 Inch FHD+ IPS Touch Display Steel Blue Laptop #NS12T5BD005P,3.0,"24,750","1
                                    reviews"
170,Avita Magus Intel CDC N3350 64GB eMMC + 64GB MMC 12.2 Inch FHD+ IPS Touch Display Steel Blue Laptop #NS12T5BD005P,3.0,"24,750","1
                                    reviews"
171,Avita Magus Intel CDC N3350 64GB eMMC + 64GB MMC 12.2 Inch FHD+ IPS Touch Display Steel Blue Laptop #NS12T5BD005P,3.0,"24,750","1
                                    reviews"
172,Avita Magus Intel CDC N3350 64GB eMMC + 64GB MMC 12.2 Inch FHD+ IPS Touch Display Steel Blue Laptop #NS12T5BD005P,3.0,"24,750","1
                                    reviews"
173,Avita Magus Intel CDC N3350 64GB eMMC + 64GB MMC 12.2 Inch FHD+ IPS Touch Display Steel Blue Laptop #NS12T5BD005P,3.0,"24,750","1
                                    reviews"
174,Avita Magus Intel CDC N3350 64GB eMMC + 64GB MMC 12.2 Inch FHD+ IPS Touch Display Steel Blue Laptop #NS12T5BD005P,3.0,"24,750","1
                                    reviews"
175,Avita Magus Intel CDC N3350 64GB eMMC + 64GB MMC 12.2 Inch FHD+ IPS Touch Display Steel Blue Laptop #NS12T5BD005P,3.0,"24,750","1
                                    reviews"
176,Avita Magus Intel CDC N3350 64GB eMMC + 64GB MMC 12.2 Inch FHD+ IPS Touch Display Steel Blue Laptop #NS12T5BD005P,3.0,"24,750","1
                                    reviews"
177,Avita Magus Intel CDC N3350 64GB eMMC + 64GB MMC 12.2 Inch FHD+ IPS Touch Display Steel Blue Laptop #NS12T5BD005P,3.0,"24,750","1
                                    reviews"
178,Avita Magus Intel CDC N3350 64GB eMMC + 64GB MMC 12.2 Inch FHD+ IPS Touch Display Steel Blue Laptop #NS12T5BD005P,3.0,"24,750","1
                                    reviews"
179,Avita Magus Intel CDC N3350 64GB eMMC + 64GB MMC 12.2 Inch FHD+ IPS Touch Display Steel Blue Laptop #NS12T5BD005P,3.0,"24,750","1
                                    reviews"
180,Avita Magus Intel CDC N3350 64GB eMMC + 64GB MMC 12.2 Inch FHD+ IPS Touch Display Steel Blue Laptop #NS12T5BD005P,3.0,"24,750","1
                                    reviews"
181,Avita Magus Intel CDC N3350 64GB eMMC + 64GB MMC 12.2 Inch FHD+ IPS Touch Display Steel Blue Laptop #NS12T5BD005P,3.0,"24,750","1
                                    reviews"
182,Avita Magus Intel CDC N3350 64GB eMMC + 64GB MMC 12.2 Inch FHD+ IPS Touch Display Steel Blue Laptop #NS12T5BD005P,3.0,"24,750","1
                                    reviews"
183,Avita Magus Intel CDC N3350 64GB eMMC + 64GB MMC 12.2 Inch FHD+ IPS Touch Display Steel Blue Laptop #NS12T5BD005P,3.0,"24,750","1
                                    reviews"
184,Avita Magus Intel CDC N3350 64GB eMMC + 64GB MMC 12.2 Inch FHD+ IPS Touch Display Steel Blue Laptop #NS12T5BD005P,3.0,"24,750","1
                                    reviews"
185,Avita Magus Intel CDC N3350 64GB eMMC + 64GB MMC 12.2 Inch FHD+ IPS Touch Display Steel Blue Laptop #NS12T5BD005P,3.0,"24,750","1
                                    reviews"
186,Avita Magus Intel CDC N3350 64GB eMMC + 64GB MMC 12.2 Inch FHD+ IPS Touch Display Steel Blue Laptop #NS12T5BD005P,3.0,"24,750","1
                                    reviews"
187,Avita Magus Intel CDC N3350 64GB eMMC + 64GB MMC 12.2 Inch FHD+ IPS Touch Display Steel Blue Laptop #NS12T5BD005P,3.0,"24,750","1
                                    reviews"
188,Avita Magus Intel CDC N3350 64GB eMMC + 64GB MMC 12.2 Inch FHD+ IPS Touch Display Steel Blue Laptop #NS12T5BD005P,3.0,"24,750","1
                                    reviews"
189,Avita Magus Intel CDC N3350 64GB eMMC + 64GB MMC 12.2 Inch FHD+ IPS Touch Display Steel Blue Laptop #NS12T5BD005P,3.0,"24,750","1
                                    reviews"
190,Avita Magus Intel CDC N3350 64GB eMMC + 64GB MMC 12.2 Inch FHD+ IPS Touch Display Steel Blue Laptop #NS12T5BD005P,3.0,"24,750","1
                                    reviews"
191,Avita Magus Intel CDC N3350 64GB eMMC + 64GB MMC 12.2 Inch FHD+ IPS Touch Display Steel Blue Laptop #NS12T5BD005P,3.0,"24,750","1
                                    reviews"
192,Avita Magus Intel CDC N3350 64GB eMMC + 64GB MMC 12.2 Inch FHD+ IPS Touch Display Steel Blue Laptop #NS12T5BD005P,3.0,"24,750","1
                                    reviews"
193,Avita Magus Intel CDC N3350 64GB eMMC + 64GB MMC 12.2 Inch FHD+ IPS Touch Display Steel Blue Laptop #NS12T5BD005P,3.0,"24,750","1
                                    reviews"
194,Avita Magus Intel CDC N3350 64GB eMMC + 64GB MMC 12.2 Inch FHD+ IPS Touch Display Steel Blue Laptop #NS12T5BD005P,3.0,"24,750","1
                                    reviews"
195,Avita Magus Intel CDC N3350 64GB eMMC + 64GB MMC 12.2 Inch FHD+ IPS Touch Display Steel Blue Laptop #NS12T5BD005P,3.0,"24,750","1
                                    reviews"
196,Avita Magus Intel CDC N3350 64GB eMMC + 64GB MMC 12.2 Inch FHD+ IPS Touch Display Steel Blue Laptop #NS12T5BD005P,3.0,"24,750","1
                                    reviews"
197,Avita Magus Intel CDC N3350 64GB eMMC + 64GB MMC 12.2 Inch FHD+ IPS Touch Display Steel Blue Laptop #NS12T5BD005P,3.0,"24,750","1
                                    reviews"
198,Avita Magus Intel CDC N3350 64GB eMMC + 64GB MMC 12.2 Inch FHD+ IPS Touch Display Steel Blue Laptop #NS12T5BD005P,3.0,"24,750","1
                                    reviews"
199,Avita Magus Intel CDC N3350 64GB eMMC + 64GB MMC 12.2 Inch FHD+ IPS Touch Display Steel Blue Laptop #NS12T5BD005P,3.0,"24,750","1
                                    reviews"
200,Avita Magus Intel CDC N3350 64GB eMMC + 64GB MMC 12.2 Inch FHD+ IPS Touch Display Steel Blue Laptop #NS12T5BD005P,3.0,"24,750","1
                                    reviews"
201,Avita Magus Intel CDC N3350 64GB eMMC + 64GB MMC 12.2 Inch FHD+ IPS Touch Display Steel Blue Laptop #NS12T5BD005P,3.0,"24,750","1
                                    reviews"
202,Avita Magus Intel CDC N3350 64GB eMMC + 64GB MMC 12.2 Inch FHD+ IPS Touch Display Steel Blue Laptop #NS12T5BD005P,3.0,"24,750","1
                                    reviews"
203,Avita Magus Intel CDC N3350 64GB eMMC + 64GB MMC 12.2 Inch FHD+ IPS Touch Display Steel Blue Laptop #NS12T5BD005P,3.0,"24,750","1
                                    reviews"
204,Avita Magus Intel CDC N3350 64GB eMMC + 64GB MMC 12.2 Inch FHD+ IPS Touch Display Steel Blue Laptop #NS12T5BD005P,3.0,"24,750","1
                                    reviews"
205,Avita Magus Intel CDC N3350 64GB eMMC + 64GB MMC 12.2 Inch FHD+ IPS Touch Display Steel Blue Laptop #NS12T5BD005P,3.0,"24,750","1
                                    reviews"
206,Avita Magus Intel CDC N3350 64GB eMMC + 64GB MMC 12.2 Inch FHD+ IPS Touch Display Steel Blue Laptop #NS12T5BD005P,3.0,"24,750","1
                                    reviews"
207,Avita Magus Intel CDC N3350 64GB eMMC + 64GB MMC 12.2 Inch FHD+ IPS Touch Display Steel Blue Laptop #NS12T5BD005P,3.0,"24,750","1
                                    reviews"
208,Avita Magus Intel CDC N3350 64GB eMMC + 64GB MMC 12.2 Inch FHD+ IPS Touch Display Steel Blue Laptop #NS12T5BD005P,3.0,"24,750","1
                                    reviews"
209,Avita Magus Intel CDC N3350 64GB eMMC + 64GB MMC 12.2 Inch FHD+ IPS Touch Display Steel Blue Laptop #NS12T5BD005P,3.0,"24,750","1
                                    reviews"
210,Avita Magus Intel CDC N3350 64GB eMMC + 64GB MMC 12.2 Inch FHD+ IPS Touch Display Steel Blue Laptop #NS12T5BD005P,3.0,"24,750","1
                                    reviews"
211,Avita Magus Intel CDC N3350 64GB eMMC + 64GB MMC 12.2 Inch FHD+ IPS Touch Display Steel Blue Laptop #NS12T5BD005P,3.0,"24,750","1
                                    reviews"
212,Avita Magus Intel CDC N3350 64GB eMMC + 64GB MMC 12.2 Inch FHD+ IPS Touch Display Steel Blue Laptop #NS12T5BD005P,3.0,"24,750","1
                                    reviews"
213,Avita Magus Intel CDC N3350 64GB eMMC + 64GB MMC 12.2 Inch FHD+ IPS Touch Display Steel Blue Laptop #NS12T5BD005P,3.0,"24,750","1
                                    reviews"
214,Avita Magus Intel CDC N3350 64GB eMMC + 64GB MMC 12.2 Inch FHD+ IPS Touch Display Steel Blue Laptop #NS12T5BD005P,3.0,"24,750","1
                                    reviews"
215,Avita Magus Intel CDC N3350 64GB eMMC + 64GB MMC 12.2 Inch FHD+ IPS Touch Display Steel Blue Laptop #NS12T5BD005P,3.0,"24,750","1
                                    reviews"
216,Avita Magus Intel CDC N3350 64GB eMMC + 64GB MMC 12.2 Inch FHD+ IPS Touch Display Steel Blue Laptop #NS12T5BD005P,3.0,"24,750","1
                                    reviews"
217,Avita Magus Intel CDC N3350 64GB eMMC + 64GB MMC 12.2 Inch FHD+ IPS Touch Display Steel Blue Laptop #NS12T5BD005P,3.0,"24,750","1
                                    reviews"
218,Avita Magus Intel CDC N3350 64GB eMMC + 64GB MMC 12.2 Inch FHD+ IPS Touch Display Steel Blue Laptop #NS12T5BD005P,3.0,"24,750","1
                                    reviews"
219,Avita Magus Intel CDC N3350 64GB eMMC + 64GB MMC 12.2 Inch FHD+ IPS Touch Display Steel Blue Laptop #NS12T5BD005P,3.0,"24,750","1
                                    reviews"
220,Avita Magus Intel CDC N3350 64GB eMMC + 64GB MMC 12.2 Inch FHD+ IPS Touch Display Steel Blue Laptop #NS12T5BD005P,3.0,"24,750","1
                                    reviews"
221,Avita Magus Intel CDC N3350 64GB eMMC + 64GB MMC 12.2 Inch FHD+ IPS Touch Display Steel Blue Laptop #NS12T5BD005P,3.0,"24,750","1
                                    reviews"
222,Avita Magus Intel CDC N3350 64GB eMMC + 64GB MMC 12.2 Inch FHD+ IPS Touch Display Steel Blue Laptop #NS12T5BD005P,3.0,"24,750","1
                                    reviews"
223,Avita Magus Intel CDC N3350 64GB eMMC + 64GB MMC 12.2 Inch FHD+ IPS Touch Display Steel Blue Laptop #NS12T5BD005P,3.0,"24,750","1
                                    reviews"
224,Avita Magus Intel CDC N3350 64GB eMMC + 64GB MMC 12.2 Inch FHD+ IPS Touch Display Steel Blue Laptop #NS12T5BD005P,3.0,"24,750","1
                                    reviews"
225,Avita Magus Intel CDC N3350 64GB eMMC + 64GB MMC 12.2 Inch FHD+ IPS Touch Display Steel Blue Laptop #NS12T5BD005P,3.0,"24,750","1
                                    reviews"
226,Avita Magus Intel CDC N3350 64GB eMMC + 64GB MMC 12.2 Inch FHD+ IPS Touch Display Steel Blue Laptop #NS12T5BD005P,3.0,"24,750","1
                                    reviews"
227,Avita Magus Intel CDC N3350 64GB eMMC + 64GB MMC 12.2 Inch FHD+ IPS Touch Display Steel Blue Laptop #NS12T5BD005P,3.0,"24,750","1
                                    reviews"
228,Avita Magus Intel CDC N3350 64GB eMMC + 64GB MMC 12.2 Inch FHD+ IPS Touch Display Steel Blue Laptop #NS12T5BD005P,3.0,"24,750","1
                                    reviews"
229,Avita Magus Intel CDC N3350 64GB eMMC + 64GB MMC 12.2 Inch FHD+ IPS Touch Display Steel Blue Laptop #NS12T5BD005P,3.0,"24,750","1
                                    reviews"
230,Avita Magus Intel CDC N3350 64GB eMMC + 64GB MMC 12.2 Inch FHD+ IPS Touch Display Steel Blue Laptop #NS12T5BD005P,3.0,"24,750","1
                                    reviews"
231,Avita Magus Intel CDC N3350 64GB eMMC + 64GB MMC 12.2 Inch FHD+ IPS Touch Display Steel Blue Laptop #NS12T5BD005P,3.0,"24,750","1
                                    reviews"
232,Avita Magus Intel CDC N3350 64GB eMMC + 64GB MMC 12.2 Inch FHD+ IPS Touch Display Steel Blue Laptop #NS12T5BD005P,3.0,"24,750","1
                                    reviews"
233,Avita Magus Intel CDC N3350 64GB eMMC + 64GB MMC 12.2 Inch FHD+ IPS Touch Display Steel Blue Laptop #NS12T5BD005P,3.0,"24,750","1
                                    reviews"
234,Avita Magus Intel CDC N3350 64GB eMMC + 64GB MMC 12.2 Inch FHD+ IPS Touch Display Steel Blue Laptop #NS12T5BD005P,3.0,"24,750","1
                                    reviews"
235,Avita Magus Intel CDC N3350 64GB eMMC + 64GB MMC 12.2 Inch FHD+ IPS Touch Display Steel Blue Laptop #NS12T5BD005P,3.0,"24,750","1
                                    reviews"
236,Avita Magus Intel CDC N3350 64GB eMMC + 64GB MMC 12.2 Inch FHD+ IPS Touch Display Steel Blue Laptop #NS12T5BD005P,3.0,"24,750","1
                                    reviews"
237,Avita Magus Intel CDC N3350 64GB eMMC + 64GB MMC 12.2 Inch FHD+ IPS Touch Display Steel Blue Laptop #NS12T5BD005P,3.0,"24,750","1
                                    reviews"
238,Avita Magus Intel CDC N3350 64GB eMMC + 64GB MMC 12.2 Inch FHD+ IPS Touch Display Steel Blue Laptop #NS12T5BD005P,3.0,"24,750","1
                                    reviews"
239,Avita Magus Intel CDC N3350 64GB eMMC + 64GB MMC 12.2 Inch FHD+ IPS Touch Display Steel Blue Laptop #NS12T5BD005P,3.0,"24,750","1
                                    reviews"
240,Avita Magus Intel CDC N3350 64GB eMMC + 64GB MMC 12.2 Inch FHD+ IPS Touch Display Steel Blue Laptop #NS12T5BD005P,3.0,"24,750","1
                                    reviews"
241,Avita Magus Intel CDC N3350 64GB eMMC + 64GB MMC 12.2 Inch FHD+ IPS Touch Display Steel Blue Laptop #NS12T5BD005P,3.0,"24,750","1
                                    reviews"
242,Avita Magus Intel CDC N3350 64GB eMMC + 64GB MMC 12.2 Inch FHD+ IPS Touch Display Steel Blue Laptop #NS12T5BD005P,3.0,"24,750","1
                                    reviews"
243,Avita Magus Intel CDC N3350 64GB eMMC + 64GB MMC 12.2 Inch FHD+ IPS Touch Display Steel Blue Laptop #NS12T5BD005P,3.0,"24,750","1
                                    reviews"
244,Avita Magus Intel CDC N3350 64GB eMMC + 64GB MMC 12.2 Inch FHD+ IPS Touch Display Steel Blue Laptop #NS12T5BD005P,3.0,"24,750","1
                                    reviews"
245,Avita Magus Intel CDC N3350 64GB eMMC + 64GB MMC 12.2 Inch FHD+ IPS Touch Display Steel Blue Laptop #NS12T5BD005P,3.0,"24,750","1
                                    reviews"
246,Avita Magus Intel CDC N3350 64GB eMMC + 64GB MMC 12.2 Inch FHD+ IPS Touch Display Steel Blue Laptop #NS12T5BD005P,3.0,"24,750","1
                                    reviews"
247,Avita Magus Intel CDC N3350 64GB eMMC + 64GB MMC 12.2 Inch FHD+ IPS Touch Display Steel Blue Laptop #NS12T5BD005P,3.0,"24,750","1
                                    reviews"
248,Avita Magus Intel CDC N3350 64GB eMMC + 64GB MMC 12.2 Inch FHD+ IPS Touch Display Steel Blue Laptop #NS12T5BD005P,3.0,"24,750","1
                                    reviews"
249,Avita Magus Intel CDC N3350 64GB eMMC + 64GB MMC 12.2 Inch FHD+ IPS Touch Display Steel Blue Laptop #NS12T5BD005P,3.0,"24,750","1
                                    reviews"
250,Avita Magus Intel CDC N3350 64GB eMMC + 64GB MMC 12.2 Inch FHD+ IPS Touch Display Steel Blue Laptop #NS12T5BD005P,3.0,"24,750","1
                                    reviews"
251,Avita Magus Intel CDC N3350 64GB eMMC + 64GB MMC 12.2 Inch FHD+ IPS Touch Display Steel Blue Laptop #NS12T5BD005P,3.0,"24,750","1
                                    reviews"
252,Avita Magus Intel CDC N3350 64GB eMMC + 64GB MMC 12.2 Inch FHD+ IPS Touch Display Steel Blue Laptop #NS12T5BD005P,3.0,"24,750","1
                                    reviews"
253,Avita Magus Intel CDC N3350 64GB eMMC + 64GB MMC 12.2 Inch FHD+ IPS Touch Display Steel Blue Laptop #NS12T5BD005P,3.0,"24,750","1
                                    reviews"
254,Avita Magus Intel CDC N3350 64GB eMMC + 64GB MMC 12.2 Inch FHD+ IPS Touch Display Steel Blue Laptop #NS12T5BD005P,3.0,"24,750","1
                                    reviews"
255,Avita Magus Intel CDC N3350 64GB eMMC + 64GB MMC 12.2 Inch FHD+ IPS Touch Display Steel Blue Laptop #NS12T5BD005P,3.0,"24,750","1
                                    reviews"
256,Avita Magus Intel CDC N3350 64GB eMMC + 64GB MMC 12.2 Inch FHD+ IPS Touch Display Steel Blue Laptop #NS12T5BD005P,3.0,"24,750","1
                                    reviews"
257,Avita Magus Intel CDC N3350 64GB eMMC + 64GB MMC 12.2 Inch FHD+ IPS Touch Display Steel Blue Laptop #NS12T5BD005P,3.0,"24,750","1
                                    reviews"
258,Avita Magus Intel CDC N3350 64GB eMMC + 64GB MMC 12.2 Inch FHD+ IPS Touch Display Steel Blue Laptop #NS12T5BD005P,3.0,"24,750","1
                                    reviews"
259,Avita Magus Intel CDC N3350 64GB eMMC + 64GB MMC 12.2 Inch FHD+ IPS Touch Display Steel Blue Laptop #NS12T5BD005P,3.0,"24,750","1
                                    reviews"
260,Avita Magus Intel CDC N3350 64GB eMMC + 64GB MMC 12.2 Inch FHD+ IPS Touch Display Steel Blue Laptop #NS12T5BD005P,3.0,"24,750","1
                                    reviews"
261,Avita Magus Intel CDC N3350 64GB eMMC + 64GB MMC 12.2 Inch FHD+ IPS Touch Display Steel Blue Laptop #NS12T5BD005P,3.0,"24,750","1
                                    reviews"
262,Avita Magus Intel CDC N3350 64GB eMMC + 64GB MMC 12.2 Inch FHD+ IPS Touch Display Steel Blue Laptop #NS12T5BD005P,3.0,"24,750","1
                                    reviews"
263,Avita Magus Intel CDC N3350 64GB eMMC + 64GB MMC 12.2 Inch FHD+ IPS Touch Display Steel Blue Laptop #NS12T5BD005P,3.0,"24,750","1
                                    reviews"
264,Avita Magus Intel CDC N3350 64GB eMMC + 64GB MMC 12.2 Inch FHD+ IPS Touch Display Steel Blue Laptop #NS12T5BD005P,3.0,"24,750","1
                                    reviews"
265,Avita Magus Intel CDC N3350 64GB eMMC + 64GB MMC 12.2 Inch FHD+ IPS Touch Display Steel Blue Laptop #NS12T5BD005P,3.0,"24,750","1
                                    reviews"
266,Avita Magus Intel CDC N3350 64GB eMMC + 64GB MMC 12.2 Inch FHD+ IPS Touch Display Steel Blue Laptop #NS12T5BD005P,3.0,"24,750","1
                                    reviews"
267,Avita Magus Intel CDC N3350 64GB eMMC + 64GB MMC 12.2 Inch FHD+ IPS Touch Display Steel Blue Laptop #NS12T5BD005P,3.0,"24,750","1
                                    reviews"
268,Avita Magus Intel CDC N3350 64GB eMMC + 64GB MMC 12.2 Inch FHD+ IPS Touch Display Steel Blue Laptop #NS12T5BD005P,3.0,"24,750","1
                                    reviews"
269,Avita Magus Intel CDC N3350 64GB eMMC + 64GB MMC 12.2 Inch FHD+ IPS Touch Display Steel Blue Laptop #NS12T5BD005P,3.0,"24,750","1
                                    reviews"
270,Avita Magus Intel CDC N3350 64GB eMMC + 64GB MMC 12.2 Inch FHD+ IPS Touch Display Steel Blue Laptop #NS12T5BD005P,3.0,"24,750","1
                                    reviews"
271,Avita Magus Intel CDC N3350 64GB eMMC + 64GB MMC 12.2 Inch FHD+ IPS Touch Display Steel Blue Laptop #NS12T5BD005P,3.0,"24,750","1
                                    reviews"
272,Avita Magus Intel CDC N3350 64GB eMMC + 64GB MMC 12.2 Inch FHD+ IPS Touch Display Steel Blue Laptop #NS12T5BD005P,3.0,"24,750","1
                                    reviews"
273,Avita Magus Intel CDC N3350 64GB eMMC + 64GB MMC 12.2 Inch FHD+ IPS Touch Display Steel Blue Laptop #NS12T5BD005P,3.0,"24,750","1
                                    reviews"
274,Avita Magus Intel CDC N3350 64GB eMMC + 64GB MMC 12.2 Inch FHD+ IPS Touch Display Steel Blue Laptop #NS12T5BD005P,3.0,"24,750","1
                                    reviews"
275,Avita Magus Intel CDC N3350 64GB eMMC + 64GB MMC 12.2 Inch FHD+ IPS Touch Display Steel Blue Laptop #NS12T5BD005P,3.0,"24,750","1
                                    reviews"
276,Avita Magus Intel CDC N3350 64GB eMMC + 64GB MMC 12.2 Inch FHD+ IPS Touch Display Steel Blue Laptop #NS12T5BD005P,3.0,"24,750","1
                                    reviews"
277,Avita Magus Intel CDC N3350 64GB eMMC + 64GB MMC 12.2 Inch FHD+ IPS Touch Display Steel Blue Laptop #NS12T5BD005P,3.0,"24,750","1
                                    reviews"
278,Avita Magus Intel CDC N3350 64GB eMMC + 64GB MMC 12.2 Inch FHD+ IPS Touch Display Steel Blue Laptop #NS12T5BD005P,3.0,"24,750","1
                                    reviews"
279,Avita Magus Intel CDC N3350 64GB eMMC + 64GB MMC 12.2 Inch FHD+ IPS Touch Display Steel Blue Laptop #NS12T5BD005P,3.0,"24,750","1
                                    reviews"
280,Avita Magus Intel CDC N3350 64GB eMMC + 64GB MMC 12.2 Inch FHD+ IPS Touch Display Steel Blue Laptop #NS12T5BD005P,3.0,"24,750","1
                                    reviews"
281,Avita Magus Intel CDC N3350 64GB eMMC + 64GB MMC 12.2 Inch FHD+ IPS Touch Display Steel Blue Laptop #NS12T5BD005P,3.0,"24,750","1
                                    reviews"
282,Avita Magus Intel CDC N3350 64GB eMMC + 64GB MMC 12.2 Inch FHD+ IPS Touch Display Steel Blue Laptop #NS12T5BD005P,3.0,"24,750","1
                                    reviews"
283,Avita Magus Intel CDC N3350 64GB eMMC + 64GB MMC 12.2 Inch FHD+ IPS Touch Display Steel Blue Laptop #NS12T5BD005P,3.0,"24,750","1
                                    reviews"
284,Avita Magus Intel CDC N3350 64GB eMMC + 64GB MMC 12.2 Inch FHD+ IPS Touch Display Steel Blue Laptop #NS12T5BD005P,3.0,"24,750","1
                                    reviews"
285,Avita Magus Intel CDC N3350 64GB eMMC + 64GB MMC 12.2 Inch FHD+ IPS Touch Display Steel Blue Laptop #NS12T5BD005P,3.0,"24,750","1
                                    reviews"
286,Avita Magus Intel CDC N3350 64GB eMMC + 64GB MMC 12.2 Inch FHD+ IPS Touch Display Steel Blue Laptop #NS12T5BD005P,3.0,"24,750","1
                                    reviews"
287,Avita Magus Intel CDC N3350 64GB eMMC + 64GB MMC 12.2 Inch FHD+ IPS Touch Display Steel Blue Laptop #NS12T5BD005P,3.0,"24,750","1
                                    reviews"
288,Avita Magus Intel CDC N3350 64GB eMMC + 64GB MMC 12.2 Inch FHD+ IPS Touch Display Steel Blue Laptop #NS12T5BD005P,3.0,"24,750","1
                                    reviews"
289,Avita Magus Intel CDC N3350 64GB eMMC + 64GB MMC 12.2 Inch FHD+ IPS Touch Display Steel Blue Laptop #NS12T5BD005P,3.0,"24,750","1
                                    reviews"
290,Avita Magus Intel CDC N3350 64GB eMMC + 64GB MMC 12.2 Inch FHD+ IPS Touch Display Steel Blue Laptop #NS12T5BD005P,3.0,"24,750","1
                                    reviews"
291,Avita Magus Intel CDC N3350 64GB eMMC + 64GB MMC 12.2 Inch FHD+ IPS Touch Display Steel Blue Laptop #NS12T5BD005P,3.0,"24,750","1
                                    reviews"
292,Avita Magus Intel CDC N3350 64GB eMMC + 64GB MMC 12.2 Inch FHD+ IPS Touch Display Steel Blue Laptop #NS12T5BD005P,3.0,"24,750","1
                                    reviews"
293,Avita Magus Intel CDC N3350 64GB eMMC + 64GB MMC 12.2 Inch FHD+ IPS Touch Display Steel Blue Laptop #NS12T5BD005P,3.0,"24,750","1
                                    reviews"
294,Avita Magus Intel CDC N3350 64GB eMMC + 64GB MMC 12.2 Inch FHD+ IPS Touch Display Steel Blue Laptop #NS12T5BD005P,3.0,"24,750","1
                                    reviews"
295,Avita Magus Intel CDC N3350 64GB eMMC + 64GB MMC 12.2 Inch FHD+ IPS Touch Display Steel Blue Laptop #NS12T5BD005P,3.0,"24,750","1
                                    reviews"
296,Avita Magus Intel CDC N3350 64GB eMMC + 64GB MMC 12.2 Inch FHD+ IPS Touch Display Steel Blue Laptop #NS12T5BD005P,3.0,"24,750","1
                                    reviews"
297,Avita Magus Intel CDC N3350 64GB eMMC + 64GB MMC 12.2 Inch FHD+ IPS Touch Display Steel Blue Laptop #NS12T5BD005P,3.0,"24,750","1
                                    reviews"
298,Avita Magus Intel CDC N3350 64GB eMMC + 64GB MMC 12.2 Inch FHD+ IPS Touch Display Steel Blue Laptop #NS12T5BD005P,3.0,"24,750","1
                                    reviews"
299,Avita Magus Intel CDC N3350 64GB eMMC + 64GB MMC 12.2 Inch FHD+ IPS Touch Display Steel Blue Laptop #NS12T5BD005P,3.0,"24,750","1
                                    reviews"
300,Avita Magus Intel CDC N3350 64GB eMMC + 64GB MMC 12.2 Inch FHD+ IPS Touch Display Steel Blue Laptop #NS12T5BD005P,3.0,"24,750","1
                                    reviews"
301,Avita Magus Intel CDC N3350 64GB eMMC + 64GB MMC 12.2 Inch FHD+ IPS Touch Display Steel Blue Laptop #NS12T5BD005P,3.0,"24,750","1
                                    reviews"
302,Avita Magus Intel CDC N3350 64GB eMMC + 64GB MMC 12.2 Inch FHD+ IPS Touch Display Steel Blue Laptop #NS12T5BD005P,3.0,"24,750","1
                                    reviews"
303,Avita Magus Intel CDC N3350 64GB eMMC + 64GB MMC 12.2 Inch FHD+ IPS Touch Display Steel Blue Laptop #NS12T5BD005P,3.0,"24,750","1
                                    reviews"
304,Avita Magus Intel CDC N3350 64GB eMMC + 64GB MMC 12.2 Inch FHD+ IPS Touch Display Steel Blue Laptop #NS12T5BD005P,3.0,"24,750","1
                                    reviews"
305,Avita Magus Intel CDC N3350 64GB eMMC + 64GB MMC 12.2 Inch FHD+ IPS Touch Display Steel Blue Laptop #NS12T5BD005P,3.0,"24,750","1
                                    reviews"
306,Avita Magus Intel CDC N3350 64GB eMMC + 64GB MMC 12.2 Inch FHD+ IPS Touch Display Steel Blue Laptop #NS12T5BD005P,3.0,"24,750","1
                                    reviews"
307,Avita Magus Intel CDC N3350 64GB eMMC + 64GB MMC 12.2 Inch FHD+ IPS Touch Display Steel Blue Laptop #NS12T5BD005P,3.0,"24,750","1
                                    reviews"
308,Avita Magus Intel CDC N3350 64GB eMMC + 64GB MMC 12.2 Inch FHD+ IPS Touch Display Steel Blue Laptop #NS12T5BD005P,3.0,"24,750","1
                                    reviews"
309,Avita Magus Intel CDC N3350 64GB eMMC + 64GB MMC 12.2 Inch FHD+ IPS Touch Display Steel Blue Laptop #NS12T5BD005P,3.0,"24,750","1
                                    reviews"
310,Avita Magus Intel CDC N3350 64GB eMMC + 64GB MMC 12.2 Inch FHD+ IPS Touch Display Steel Blue Laptop #NS12T5BD005P,3.0,"24,750","1
                                    reviews"
311,Avita Magus Intel CDC N3350 64GB eMMC + 64GB MMC 12.2 Inch FHD+ IPS Touch Display Steel Blue Laptop #NS12T5BD005P,3.0,"24,750","1
                                    reviews"
312,Avita Magus Intel CDC N3350 64GB eMMC + 64GB MMC 12.2 Inch FHD+ IPS Touch Display Steel Blue Laptop #NS12T5BD005P,3.0,"24,750","1
                                    reviews"
313,Avita Magus Intel CDC N3350 64GB eMMC + 64GB MMC 12.2 Inch FHD+ IPS Touch Display Steel Blue Laptop #NS12T5BD005P,3.0,"24,750","1
                                    reviews"
314,Avita Magus Intel CDC N3350 64GB eMMC + 64GB MMC 12.2 Inch FHD+ IPS Touch Display Steel Blue Laptop #NS12T5BD005P,3.0,"24,750","1
                                    reviews"
315,Avita Magus Intel CDC N3350 64GB eMMC + 64GB MMC 12.2 Inch FHD+ IPS Touch Display Steel Blue Laptop #NS12T5BD005P,3.0,"24,750","1
                                    reviews"
316,Avita Magus Intel CDC N3350 64GB eMMC + 64GB MMC 12.2 Inch FHD+ IPS Touch Display Steel Blue Laptop #NS12T5BD005P,3.0,"24,750","1
                                    reviews"
317,Avita Magus Intel CDC N3350 64GB eMMC + 64GB MMC 12.2 Inch FHD+ IPS Touch Display Steel Blue Laptop #NS12T5BD005P,3.0,"24,750","1
                                    reviews"
318,Avita Magus Intel CDC N3350 64GB eMMC + 64GB MMC 12.2 Inch FHD+ IPS Touch Display Steel Blue Laptop #NS12T5BD005P,3.0,"24,750","1
                                    reviews"
319,Avita Magus Intel CDC N3350 64GB eMMC + 64GB MMC 12.2 Inch FHD+ IPS Touch Display Steel Blue Laptop #NS12T5BD005P,3.0,"24,750","1
                                    reviews"
320,Avita Magus Intel CDC N3350 64GB eMMC + 64GB MMC 12.2 Inch FHD+ IPS Touch Display Steel Blue Laptop #NS12T5BD005P,3.0,"24,750","1
                                    reviews"
321,Avita Magus Intel CDC N3350 64GB eMMC + 64GB MMC 12.2 Inch FHD+ IPS Touch Display Steel Blue Laptop #NS12T5BD005P,3.0,"24,750","1
                                    reviews"
322,Avita Magus Intel CDC N3350 64GB eMMC + 64GB MMC 12.2 Inch FHD+ IPS Touch Display Steel Blue Laptop #NS12T5BD005P,3.0,"24,750","1
                                    reviews"
323,Avita Magus Intel CDC N3350 64GB eMMC + 64GB MMC 12.2 Inch FHD+ IPS Touch Display Steel Blue Laptop #NS12T5BD005P,3.0,"24,750","1
                                    reviews"
